sku,n_obs,rank_modelo,dof_modelo,elasticidade_preco,p_value_preco,semi_elasticidade_desconto,p_value_desconto,semi_elast_desc_0_10,p_value_desc_0_10,semi_elast_desc_10_30,p_value_desc_10_30,semi_elast_desc_30_plus,p_value_desc_30_plus,preco_medio,desconto_medio,q_media,share_dias_stockout_base,std_log_preco,pass_obs,pass_var_preco,pass_p_preco,pass_range_preco,quality_score
3125332,781,23,758,-1.0125414198186877,1.775575002582741e-07,-0.5594007062715303,0.020826520516519453,,,,,,,8.871436346285531,-0.22742656912511383,413.5813060179257,0.0,0.12833404604942766,True,True,True,True,4
3108195-1,781,23,758,-1.5101200649860012,2.2731149903476577e-05,0.4867208507853739,0.31317612055983535,,,,,,,2.793458103172856,-0.1905396834782422,716.6325224071703,0.0,0.10814917436459907,True,True,True,True,4
3102751469,781,23,758,-3.389000611132816,6.8833827526759706e-15,0.9018161009751068,0.11045791435637664,,,,,,,2.499932976476312,-0.17445062038241738,265.303457106274,0.0,0.09618712552803775,True,True,True,True,4
31023931,781,23,758,-1.6799164357085747,2.708944180085382e-13,-0.09708490198457922,0.667631927139825,,,,,,,8.736050492518567,-0.23986513617700378,330.1779769526248,0.0,0.13439216782628072,True,True,True,True,4
2742119,781,23,758,-2.486436740118099,0.0,-0.11344423645432068,0.765331926588646,,,,,,,9.284958102111396,-0.19227169199748922,121.73623559539053,0.0,0.17779760601522449,True,True,True,True,4
2742118,781,23,758,-1.3873757886294895,1.4092353947781078e-05,-0.4312084889851459,0.26014805082905257,,,,,,,9.21350228290269,-0.19627697967345586,150.50192061459668,0.0,0.15945381612923673,True,True,True,True,4
31074534,780,23,757,-1.2211620084874846,0.0006683479902485079,-0.08811744514405304,0.8478387441941426,6.065895955171059,0.53580006835739,0.22580763105309645,0.6362760347431888,-0.8655534073865945,0.3070917181951942,14.327123996684616,-0.20667021497812416,254.6846153846154,0.0,0.09027309745098769,True,True,True,True,4
3104657,780,23,757,-0.9996758479204321,8.848921595472348e-12,-0.4198789205693932,0.020716720577532488,,,,,,,8.848008357843591,-0.23181334506339787,837.3294871794872,0.0012804097311139564,0.12896466274881932,True,True,True,True,4
2422008,780,23,757,-2.0696976271000542,4.8183679268731794e-14,0.18530075878383648,0.6099866035351602,,,,,,,2.662572399769231,-0.16368558852692366,433.0064102564103,0.0012804097311139564,0.07737018937892493,True,True,True,True,4
2603855,779,23,756,-0.7438550115309394,0.020497582065395648,-0.5684683549372663,0.16756480742273938,,,,,,,9.672440252534019,-0.22632165135660084,98.59563543003851,0.0012804097311139564,0.14493554394599886,True,True,True,True,4
3105444,779,23,756,-0.9877252496871286,0.00014499520364497087,-1.4527984921530888,3.921221887859261e-06,,,,,,,8.919641662581514,-0.2187280693943131,143.4762516046213,0.0012804097311139564,0.13367755266746045,True,True,True,True,4
2387255,778,23,755,-2.935016234891023,0.0,2.32629710473081,3.8294181159415075e-08,,,,,,,2.729380522807198,-0.16944441500397386,589.280205655527,0.0038412291933418692,0.07972826813482632,True,True,True,True,4
3105788,778,23,755,-3.2831718868033666,0.005849317362440543,1.3201780333624715,0.3762123609477821,-0.33987118053021953,0.8857151189109052,-1.574639904909475,0.31585128813522,-1.9419982070374575,0.8387668990892223,19.877792985361182,-0.12250778954805865,20.251928020565554,0.002560819462227913,0.050256995185671983,True,True,True,True,4
3102751463,778,23,755,-1.4676489123141954,0.021404778523816725,-1.5577067476127828,0.052856358661706127,,,,,,,3.0450832171208226,-0.15597577837184812,115.41645244215938,0.0038412291933418692,0.07905870211141307,True,True,True,True,4
2422005,778,23,755,-2.1670334018229243,0.0,1.2988601709649878,0.00013184899154761176,,,,,,,2.665757145422879,-0.1631722275600978,773.9370179948586,0.0038412291933418692,0.06891482331522207,True,True,True,True,4
2414394,777,23,754,-0.6564845091968415,0.0013529704480721438,-0.8462335504634173,0.006532133378677418,,,,,,,8.719091849956243,-0.23335767457980813,140.45431145431147,0.002560819462227913,0.21250385500931848,True,True,True,True,4
31023266,777,23,754,-1.55270123459153,5.3322332474348144e-05,0.2852389596005686,0.6649722881383717,,,,,,,9.16515041436036,-0.11640420420194729,113.37580437580438,0.005121638924455826,0.059461567387396934,True,True,True,True,4
3105445,776,23,753,-1.474250897942776,8.698012310404124e-09,-0.6637327075372613,0.029320508940391843,,,,,,,8.912757565344073,-0.22259780207181779,169.27190721649484,0.005121638924455826,0.13019611361064087,True,True,True,True,4
2387522,776,23,753,-1.3579611290782043,0.0018685203091621805,-0.09469447889035777,0.8776439520248975,2.848495886473833,0.24975460315733744,0.6201141730806976,0.3661449914543722,-1.1418403771471983,0.14599313331572583,2.6831428250283498,-0.15800898271570774,227.07603092783506,0.005121638924455826,0.08520395550485364,True,True,True,True,4
2824024,775,23,752,-0.782664072632741,0.001285488460504025,-0.16393177995111008,0.5862900495462773,,,,,,,6.019337175349677,-0.17089983965407254,1365.7329032258065,0.0076824583866837385,0.06522802363578863,True,True,True,True,4
2639582,775,23,752,-1.9202219057280894,7.714987682172492e-05,1.690458976257867,0.01595385858117826,-3.7430633422399966,0.031463817044042885,-1.6963571037566385,0.05069643621794295,-1.3554979127756734,0.12166344547940944,4.8981865547432255,-0.15231412968948504,191.5690322580645,0.006402048655569782,0.08994008296595218,True,True,True,True,4
2387563,773,23,750,-2.1106085682117333,2.504684237791821e-09,0.43053968169383233,0.3857467411471267,,,,,,,2.5753240794695986,-0.19213968750508395,691.1642949547219,0.010243277848911651,0.07319910983482335,True,True,True,True,4
3102751465,773,23,750,-1.1592447076634032,0.024389751335724075,-1.658169447501575,0.01375063278224875,,,,,,,3.014315528417853,-0.16713784192895179,183.71798188874516,0.010243277848911651,0.0844787198768528,True,True,True,True,4
3102751483,772,23,749,-2.1943758901885957,0.0008933544961235995,-1.9754311202389698,0.02521464919098304,,,,,,,6.134948002642487,-0.15526680213985664,77.32901554404145,0.010243277848911651,0.0683215064199827,True,True,True,True,4
3102751481,771,23,748,-3.922452371149678,9.243616094778417e-08,1.3360405142252743,0.1845730700711996,-1.405569658302453,0.4382018837764512,-0.6746588012965926,0.5378884333181944,-5.6052950559923955,0.0032872411070290486,6.699787584753566,-0.14144007800760772,40.52269779507134,0.008962868117797696,0.07602853259080125,True,True,True,True,4
31027527894,771,23,748,-15.579084338285092,0.0005351983098196289,16.253246642900535,0.0023924613671537642,,,,,,,13.053578828660182,-0.12378524719851551,27.041504539559014,0.010243277848911651,0.05819235067822057,True,True,True,False,3
31023268,770,23,747,-0.8090517382578588,0.026727324600533287,-1.0296238712836727,0.07390841881936838,,,,,,,9.175317653542857,-0.11615404383449726,75.51948051948052,0.014084507042253521,0.06289527701780942,True,True,True,True,4
31018345,770,23,747,0.9152548930335946,0.0007631490374762073,-5.702743294987369,0.0,,,,,,,33.0411525845078,-0.13116981247045761,81.17532467532467,0.014084507042253521,0.12312904145758102,True,True,True,True,4
3108041-1,770,23,747,-3.3606542801571324,0.00011700258428093413,2.9897789373094548,0.006969738292838645,2.8210202337382784,0.15809507109536902,-4.354933154939317,0.00020176885916489695,20.88240703092104,0.6403565083157581,20.0050525094026,-0.11974689364317155,22.62207792207792,0.012804097311139564,0.049919541322534344,True,True,True,True,4
2032047,770,23,747,-1.3854357335978453,3.0345866288694623e-06,0.30412679582060076,0.3355264285996531,,,,,,,2.7709637616961036,-0.19617905057196733,1015.5155844155844,0.014084507042253521,0.1096591680436376,True,True,True,True,4
2540780,769,23,746,-2.2107448881445118,0.07108901662215339,0.1475538550624512,0.9264921733446387,3.5558010024111737,0.11088963465995327,-1.5053926133843105,0.37506501005641524,-8.44028337191696,0.08488684620946918,19.916221095250975,-0.12096714265058059,15.287386215864759,0.012804097311139564,0.05341527243549204,True,True,False,True,3
310236573,769,23,746,-1.6007692723408973,0.00011464184902854058,-0.4697566864504333,0.3744924758143706,,,,,,,2.793283336569571,-0.19037867202036224,578.1313394018206,0.015364916773367477,0.0967717749583534,True,True,True,True,4
2505910,769,23,746,-2.239466724501036,0.024316448429911874,1.1307599661707635,0.351710364471191,,,,,,,22.724813254743825,-0.1163694227479664,13.780234070221066,0.015364916773367477,0.049014397853751834,True,True,True,True,4
2032059,769,23,746,-2.7484942943658517,0.0,2.1944262178304395,1.822719752908597e-10,-2.4317468184944655,0.7551521179767811,-1.7922101087585454,9.689150780145539e-06,-2.620269663135485,2.878393079441821e-10,2.7695451522275683,-0.21662472421945322,830.0195058517555,0.015364916773367477,0.09194864458670875,True,True,True,True,4
2032068,769,23,746,-2.5866752237830624,4.440892098500626e-16,1.390104367437184,0.0005133296288792888,,,,,,,2.7344327212808843,-0.20829466442620406,1127.9531859557867,0.015364916773367477,0.09070563149157676,True,True,True,True,4
3102751473,769,23,746,-1.4979507520288295,2.7383097743305385e-05,-0.8742473765047929,0.048279084765119995,,,,,,,2.522756934976593,-0.16697636586616893,403.4408322496749,0.015364916773367477,0.08807677634625091,True,True,True,True,4
3104823,768,23,745,-1.2644103464685066,0.010873815713918988,-0.9772037611689819,0.21524041251617776,,,,,,,9.153411244645833,-0.11563146679449783,74.95052083333333,0.016645326504481434,0.06128507270185498,True,True,True,True,4
3110410-1,768,23,745,-1.9362367533550136,5.9412323653695864e-05,1.5531797456554326,0.01591834252577673,,,,,,,3.1006769329830726,-0.2258552775202216,187.74088541666666,0.016645326504481434,0.08771178715586554,True,True,True,True,4
31023255,768,23,745,-1.57998565858017,8.427807144939514e-05,-0.5900498624937182,0.3619601115738853,,,,,,,9.15702173563151,-0.11769169586313895,91.36328125,0.016645326504481434,0.06116429480021889,True,True,True,True,4
3102751471,768,23,745,-1.7177545558936056,1.652176782052095e-07,0.15269939334075802,0.7505072724140285,,,,,,,2.525029094613281,-0.16579481622225117,294.4453125,0.016645326504481434,0.10738761410664634,True,True,True,True,4
2387558,768,23,745,-0.9800154835642104,0.052857483738750544,-1.5995357370461742,0.019346161377326476,-1.4468598885725727,0.5642847189156477,2.47905885542714,0.001651605651579624,0.4733177892179075,0.5922043764064884,2.6913456851184896,-0.15597490164878294,154.82161458333334,0.015364916773367477,0.08026307473272229,True,True,False,True,3
3102751475,767,23,744,-3.1287051236220265,4.265018596738557e-06,-1.7479055175556522,0.057291430724607295,,,,,,,2.577661188225554,-0.14809602135097072,63.01173402868318,0.016645326504481434,0.09497807575128167,True,True,True,True,4
31027534326,766,23,743,-2.9386657767271025,1.6706915810349443e-05,0.2673880049079584,0.7552236254476332,,,,,,,6.659005092827676,-0.1434990092191188,74.47258485639686,0.019206145966709345,0.07145204895482492,True,True,True,True,4
3109087,766,23,743,-1.5396361387380282,5.284461757071313e-09,0.0035203922231144117,0.9918911792344454,,,,,,,10.156506576578328,-0.19338522399822122,119.73368146214099,0.019206145966709345,0.14203726091634558,True,True,True,True,4
2414395,766,23,743,0.4192173180184954,0.0027746502915870774,-1.493288989525315,3.3060925552774734e-08,,,,,,,8.82063770071932,-0.19896998242236488,67.10966057441253,0.008962868117797696,0.2747442341935473,True,True,True,True,4
1604354,765,23,742,-2.9379885068925646,7.941332036409676e-10,-0.08675222436735239,0.8971737569368288,,,,,,,3.123609192201307,-0.22014723142172693,253.12418300653596,0.020486555697823303,0.08590311061228416,True,True,True,True,4
3102751461,765,23,742,-3.0370941948480703,8.110718031795194e-05,-1.7653361438672976,0.08401068413186463,,,,,,,3.022351618343791,-0.1618833347554815,52.03137254901961,0.012804097311139564,0.09203277099881767,True,True,True,True,4
2032071,765,23,742,-1.3387042497150399,0.003985480490098281,-1.327027975290518,0.03663850699688931,,,,,,,2.7898187079111105,-0.19042584183912603,380.09019607843135,0.020486555697823303,0.11675488416184954,True,True,True,True,4
3110408-1,764,23,741,0.6637668722803776,0.021024997739194973,-1.9685194577016538,1.878692814205607e-06,,,,,,,3.092191288937173,-0.22759494226491334,411.34031413612564,0.02176696542893726,0.08571000631176176,True,True,True,True,4
2387161,764,23,741,1.6968753261486642,0.0009176930371241898,-4.55962090645954,7.778960586790618e-09,,,,,,,2.6618960824581155,-0.19095241944256913,99.30628272251309,0.02176696542893726,0.14080616743754837,True,True,True,True,4
3110439-1,764,23,741,-1.3587065174240136,5.0639436826038775e-06,-1.1773433548031176,0.0009703815356982837,,,,,,,2.8273667937264397,-0.21434777089370607,974.5903141361257,0.02176696542893726,0.07914222670391335,True,True,True,True,4
2460044,764,23,741,-3.439968944584404,4.884981308350689e-15,-1.2287108089741845,0.027842929667571292,,,,,,,2.4398675429018324,-0.15966605609032503,81.2434554973822,0.0,0.13259265256614716,True,True,True,True,4
310236571,764,23,741,2.4028441320923557,7.539655410382373e-05,-5.576250701690069,1.2938539128981574e-12,,,,,,,2.7917020430170156,-0.18915165933882713,416.84685863874347,0.02176696542893726,0.10306163442321915,True,True,True,False,3
2824021,764,23,741,-2.569542932671984,1.6292736840561872e-05,-0.5210082997401809,0.5016346985777145,0.5986872188127114,0.7188181249822416,0.7507892686329025,0.37196319562446023,-0.5890749498158245,0.684230500518594,6.631304154697644,-0.14629554575868542,132.7068062827225,0.020486555697823303,0.06932091353727898,True,True,True,True,4
2291052,764,23,741,-2.6108673115463605,0.06439294744124102,0.5393797634035078,0.7468276320416376,,,,,,,19.55824907809555,-0.118725149893686,38.488219895287955,0.02176696542893726,0.04149766565188012,True,True,False,True,3
3102751467,764,23,741,-2.487748358965566,0.0018398337431138057,-2.085761013646401,0.04952009795223966,,,,,,,3.0138489988599475,-0.16073704888465334,93.41492146596859,0.02176696542893726,0.08812200865305449,True,True,True,True,4
2466157,763,23,740,-1.5654625343797584,8.153562768464795e-05,-0.24050295189235132,0.6470195508012193,,,,,,,5.2036673922595025,-0.17927536625437904,408.2844036697248,0.023047375160051217,0.10084768625418243,True,True,True,True,4
2387556,763,23,740,-2.6858235738718697,2.179780356215133e-09,0.0849689876788535,0.8880412473376422,,,,,,,2.5513277795923983,-0.1995427221029353,327.1048492791612,0.02176696542893726,0.0793147538065433,True,True,True,True,4
1969092,763,23,740,-3.972360395356606,0.0009873896966137163,3.0606251457998246,0.04821656709845712,0.16014019822884268,0.931183273836294,-5.098013275254971,0.0018883117099197655,-11.64733797159906,0.0006484281674881132,9.777572342340761,-0.13702367974415658,22.605504587155963,0.020486555697823303,0.07679895134675077,True,True,True,True,4
3105785,762,23,739,-3.506216124301608,0.022446349486014316,3.590633332866541,0.046511964628944025,,,,,,,19.57852277562861,-0.11839206327406157,19.203412073490814,0.023047375160051217,0.04979077648053039,True,True,True,True,4
2032055,762,23,739,-2.9693325342554746,0.0,1.613832976864541,2.280689532163649e-05,,,,,,,2.785735230048556,-0.21115397159674765,607.7965879265092,0.024327784891165175,0.10115910132867628,True,True,True,True,4
3102748534,762,23,739,0.5278462897059251,0.02547239812219093,-1.0126393936277769,3.3606637939165296e-07,,,,,,,19.9954482088189,0.005079585646576155,94.57349081364829,0.024327784891165175,0.2444134971473799,True,True,True,True,4
31027532411,762,23,739,0.9064306679516211,0.00036415382181620437,-5.542092937543855,0.0,,,,,,,2.4376524203175856,-0.2587444610897203,135.10367454068242,0.02176696542893726,0.5284545881519285,True,True,True,True,4
31027530962,762,23,739,-2.191018914408932,0.0020455579811533564,2.5355852144500037,0.002240984049058037,,,,,,,2.822290379548556,-0.11355424458673907,24.463254593175854,0.01792573623559539,0.10186778307344092,True,True,True,True,4
31023925,761,23,738,-1.8742844353584944,2.3170311342912697e-06,-0.6210738168714297,0.26178516686260367,,,,,,,21.329118035420496,-0.1698435590419607,57.84756898817346,0.024327784891165175,0.19259551211420248,True,True,True,True,4
2466149,760,23,737,-1.5746760650321878,2.8774960403321614e-05,-0.6719836435973516,0.20078474154839787,,,,,,,5.181588638522368,-0.18192235634290244,263.27894736842103,0.026888604353393086,0.103653288615579,True,True,True,True,4
2032073,760,23,737,-1.8102193577706818,4.321916158289696e-10,0.23112486325274992,0.5908493887266637,,,,,,,2.7590346707407893,-0.2169161483663467,299.2605263157895,0.026888604353393086,0.12223765631498258,True,True,True,True,4
2460042,760,23,737,-3.6209775846635917,0.0,-1.3154784354758515,0.011009024789333965,,,,,,,2.4229818120973685,-0.16254610807338954,83.1171052631579,0.015364916773367477,0.13617447169466573,True,True,True,True,4
2419775,760,23,737,-2.9108270261468188,3.596889330825803e-07,-0.042477288240265657,0.946762361659025,,,,,,,2.432320980078947,-0.19063773541132148,184.69210526315788,0.026888604353393086,0.0772833950406138,True,True,True,True,4
3110414-1,759,23,736,-1.0702653283333141,0.0016691307268514866,-2.343718515120524,5.531660818292039e-08,,,,,,,2.828532510422925,-0.2098429228066245,322.9117259552042,0.028169014084507043,0.09672424126716893,True,True,True,True,4
2659000,758,23,735,0.5684509181667856,0.0036842618766763646,-2.1946080795591567,4.0951892987806104e-09,,,,,,,10.088252349468338,-0.1781648731997143,36.32321899736148,0.0038412291933418692,0.24129286289347524,True,True,True,True,4
31027530953,758,23,735,-2.2380686427470198,0.0006655032990794396,-2.297735436142835,0.012024106782391408,,,,,,,2.760234108536939,-0.1285360552346967,47.77440633245383,0.029449423815621,0.0918449437496855,True,True,True,True,4
2422016,758,23,735,-1.5111074824175204,0.0008866317534208523,-1.0636542883790323,0.08089316529323054,,,,,,,2.776853626575198,-0.1559180090522661,197.10026385224273,0.029449423815621,0.07380072847200449,True,True,True,True,4
1866831,757,23,734,-3.8282430148764726,0.03491297473784738,3.334128135087007,0.12106295447714999,-1.9856820717281667,0.38986079506980253,-7.1609850269987625,0.0025855413097308766,-11.947021724222745,0.021787696820279923,19.50103732149009,-0.1215481028212122,9.159841479524438,0.019206145966709345,0.0535144534502232,True,True,True,True,4
2387413,757,23,734,-2.1822533485961904,1.1008730573358605e-05,-0.5294981354030401,0.4326433720926408,,,,,,,2.7680550682166443,-0.15724279256019205,176.94187582562748,0.030729833546734954,0.07406319186764003,True,True,True,True,4
2460048,757,23,734,-2.9322916968354913,5.555933491052656e-11,-1.9609427659399676,0.0012017713158058996,,,,,,,2.3263091140634082,-0.1645531292474299,87.68560105680316,0.005121638924455826,0.1671180274040261,True,True,True,True,4
1895626,757,23,734,-0.6714423083022215,0.055955517420010814,-1.0348684825900574,0.018603192801430524,,,,,,,2.793320216266843,-0.22467102790459703,768.6446499339498,0.030729833546734954,0.06867297320276622,True,True,False,True,3
3110435-1,756,23,733,-1.344303104074941,3.185772090574801e-09,-0.30291099313378833,0.2689443399193552,,,,,,,2.8192310107103173,-0.21743272340951397,998.058201058201,0.03201024327784891,0.0730077459280509,True,True,True,True,4
31027519405,756,23,733,2.5835672022092084,1.1583023429295736e-10,-7.465662582747519,0.0,6.802555409973799,0.001033099671803539,8.272086361255791,0.0,-1.8944224281235393,0.18344310463973468,6.573754580021164,-0.1543953213975749,53.957671957671955,0.028169014084507043,0.13847552245431063,True,True,True,False,3
3105786,756,23,733,-1.9559030939477942,0.046673117236641914,-0.19130578623689423,0.8801228619962989,,,,,,,16.858040693003968,-0.12228669882057736,50.01058201058201,0.03201024327784891,0.04701764645365125,True,True,True,True,4
31027530947,756,23,733,-1.7802866613312969,0.0034074787148887786,-2.278615856310093,0.005652682644510021,,,,,,,2.7756933585410057,-0.12154910067742176,26.674603174603174,0.011523687580025609,0.09159680659622654,True,True,True,True,4
2422015,755,23,732,-1.972137518029447,0.0025702887600302926,-0.14382821030443838,0.8688838319439385,,,,,,,2.7660092611761593,-0.15918762742921802,82.83973509933774,0.03201024327784891,0.08862924615481026,True,True,True,True,4
2419851,754,23,731,-3.0124099707575978,4.6487649130178e-07,-0.9104636830759543,0.16931172883432621,,,,,,,2.439806183781167,-0.1822668041252892,85.94694960212202,0.03329065300896287,0.08038777822555072,True,True,True,True,4
31027530956,754,23,731,-1.0048152380351172,0.09925610897192017,-3.0866751366573157,0.00012104726352424322,,,,,,,2.7149244471671086,-0.14303491291578924,69.59681697612731,0.030729833546734954,0.0825058478067939,True,True,False,True,3
2460050,753,23,730,-3.3023843082365945,1.3644629870412928e-09,-2.018094528859235,0.007819494779502056,,,,,,,2.3362130809575032,-0.1628166211101821,63.39442231075697,0.0012804097311139564,0.16820023664916306,True,True,True,True,4
3102751477,752,23,729,-3.1394041316525896,1.5165646516379638e-13,1.3037509795892235,0.023407329540440225,,,,,,,2.5427306676409573,-0.16119683730621734,220.7752659574468,0.03713188220230474,0.08728186261166967,True,True,True,True,4
2824022,751,23,728,-1.9075841600349939,0.009754890915604886,-2.2988350958671897,0.014148747611079315,,,,,,,7.631151112171771,-0.13392207452376856,40.573901464713714,0.03713188220230474,0.06953949851789291,True,True,True,True,4
31027530959,749,23,726,-2.8718157231027854,2.015548933531619e-06,-1.5915170960023235,0.049655082926738814,,,,,,,2.7460185164753,-0.13039007886875148,20.313751668891857,0.014084507042253521,0.09434784463211471,True,True,True,True,4
31027530938,749,23,726,-3.635624024428766,4.981896650768647e-08,-0.8959227778162879,0.31171744980253036,,,,,,,2.75470963958478,-0.13139997468341874,30.251001335113486,0.028169014084507043,0.09617467739963118,True,True,True,True,4
2494067,748,23,725,-1.6074346148217573,3.331842934883866e-08,-0.23344836346336525,0.48028984901537797,,,,,,,10.898546227514704,-0.19844089949605606,54.35294117647059,0.023047375160051217,0.17289801797762164,True,True,True,True,4
2791358,748,23,725,1.0245238098199958,0.0010391263230267178,-3.566988168798811,3.607946164052578e-09,,,,,,,5.946281362264705,-0.16076021566482,22.995989304812834,0.026888604353393086,0.2407237488956902,True,True,True,True,4
1542575,748,23,725,-2.130058873596328,0.0007505918081665008,0.5776812618447449,0.49484597517857276,9.540321450902171,0.004203303582053897,-0.05228827620223875,0.9532222820529177,-2.0217092701284933,0.04393782644694477,2.7617157967139043,-0.20113749018438276,213.7072192513369,0.03201024327784891,0.13652127389338264,True,True,True,True,4
31027520460,746,23,723,3.1833530541202117,0.030129180079975004,-3.3955247698151,0.05192429131797538,,,,,,,9.556243030016086,-0.11392278342685415,10.288203753351207,0.028169014084507043,0.0539411686876795,True,True,True,False,3
1603167,746,23,723,-1.704825801963157,1.0028994296806815e-05,-1.8523716877749976,1.78699331798704e-06,,,,,,,2.7990781321447717,-0.2027668958168301,99.38739946380697,0.04225352112676056,0.08908325855612566,True,True,True,True,4
3110413-1,745,23,722,-1.1480886950146696,0.0009338328292991527,-1.415748189164989,0.00013439915218138587,,,,,,,2.791154442852349,-0.20741319120320026,86.26577181208053,0.03841229193341869,0.08903501531096879,True,True,True,True,4
2419841,745,23,722,-1.7517802915188712,0.0016951783033203327,-1.0024673208313766,0.09097951086342126,,,,,,,2.4449953029543625,-0.18586164955750226,231.43355704697987,0.046094750320102434,0.0671625339437466,True,True,True,True,4
2824023,744,23,721,-2.6068206768184163,9.113487275946852e-08,-0.14797567869647238,0.8135405994756606,,,,,,,6.157694317838709,-0.1519842237452558,222.3508064516129,0.04737516005121639,0.059451519573155365,True,True,True,True,4
2791357,743,23,720,-1.5326803046621786,0.014813625893707494,0.17775439312500368,0.8480278955203193,1.2043547464947701,0.518763978495191,-0.42334606208999326,0.652218538093204,-5.557166689268398,2.141530347232745e-05,5.855559809503364,-0.1744764097349257,50.309555854643335,0.04353393085787452,0.14269594827030196,True,True,True,True,4
2460046,743,23,720,-4.069853250188712,0.0,-0.8771581885056687,0.14568288879190683,,,,,,,2.4717164692920592,-0.14653802610207595,50.58277254374159,0.012804097311139564,0.13584452601600316,True,True,True,True,4
1743118,743,23,720,-1.4327426632796663,0.0014780720926177437,-2.061617789400844,0.0003721936829370609,,,,,,,2.3351151049138625,-0.15042802576306458,61.59623149394347,0.03969270166453265,0.1089018956824674,True,True,True,True,4
2791360,742,23,719,-1.6966535511574583,0.005533188487901519,0.3979158447230806,0.6274307303794853,,,,,,,5.050219129029649,-0.16797242768990261,130.28167115902966,0.0499359795134443,0.09734119016375156,True,True,True,True,4
1603165,740,23,717,-1.5619201673945058,0.00030020134735142534,-0.9745782632184119,0.06963634729886059,,,,,,,2.8546188495878373,-0.20351984102535955,91.65,0.04865556978233035,0.08951457274465001,True,True,True,True,4
3102748533,740,23,717,-0.9332254079829712,0.0,0.14631871328367868,0.0786097469324325,,,,,,,10.76005433725135,0.07850808211398967,23.663513513513514,0.04737516005121639,0.6109061418393932,True,True,True,True,4
31027532402,737,23,714,-1.2614471664470668,0.004149670320913845,-1.8061728310323222,4.53776551867513e-06,,,,,,,2.4279400498059704,-0.24764426187160793,221.75712347354138,0.05121638924455826,0.08668271259247079,True,True,True,True,4
1604309,737,23,714,-1.133371417355948,0.0009155058524075166,-0.8666751259856977,0.06014877326413415,,,,,,,3.115255604525102,-0.22339540010462566,397.5427408412483,0.056338028169014086,0.07298542420934351,True,True,True,True,4
31027526679,736,23,713,-3.170561768156418,0.012524357511575657,3.392614427320121,0.026856325408496362,-1.410199385556327,0.44224792554838444,-4.696355761006467,0.0049663150294629865,3.930189507173054e-14,,20.11161987493071,-0.11338074749859878,11.94429347826087,0.03841229193341869,0.04946573209222089,True,True,True,True,4
1542572,735,23,712,-2.5097364094631733,1.200888329866423e-05,-1.500814683618621,0.062297690670109596,,,,,,,2.858025839502041,-0.17106105302563346,90.14421768707483,0.05505761843790013,0.10539404973701395,True,True,True,True,4
2340368,734,23,711,-1.3561760806753556,0.0011898868961717213,-0.2968178035705826,0.6180925116992309,,,,,,,3.332557967852861,-0.1840283476234636,181.66621253405995,0.06017925736235595,0.10976462431239391,True,True,True,True,4
2419871,734,23,711,-3.533750958285187,0.09077917188447726,-1.9177355762110218,0.43350738482080464,,,,,,,7.2514613701212545,-0.12235017725504894,17.524523160762943,0.040973111395646605,0.07886712398978347,True,True,False,True,3
2460052,733,23,710,-3.5404344741681855,5.984324147334519e-12,-1.0060053496563153,0.14602565320596406,,,,,,,2.3531911036139155,-0.15369565016569636,44.79263301500682,0.020486555697823303,0.16005110768634076,True,True,True,True,4
31027527891,733,23,710,-8.494166381035553,0.09257427640154958,7.8967296801438165,0.18267922619897514,,,,,,,13.08355452509004,-0.12176408279996201,18.716234652114597,0.05505761843790013,0.057071371825592423,True,True,False,True,3
31027531050,732,23,709,-0.8524216467857291,0.00942166972951397,-1.5727315434245521,0.022842575834233658,,,,,,,2.3761173458306013,-0.11985248836554893,21.420765027322403,0.014084507042253521,0.14287402817806208,True,True,True,True,4
2388885,732,23,709,-0.5125606665463519,0.05820757838286261,-0.8437162794664683,0.019262862182873874,,,,,,,13.96794282236612,-0.21135417244264912,77.75956284153006,0.056338028169014086,0.1420243230504549,True,True,False,True,3
2387158,731,23,708,-0.4204196423596105,0.003899800574943768,-1.5212878690746268,9.775809459711127e-07,,,,,,,2.6712875123597812,-0.1543631992361661,262.2147742818058,0.06402048655569782,0.12965275796359846,True,True,True,True,4
3110436-1,731,23,708,-1.2745727678371062,0.00020052386058733163,-1.139811154822672,0.009835518064124749,,,,,,,2.7990625443201096,-0.2225617424843541,515.7948016415869,0.06402048655569782,0.07234763246415148,True,True,True,True,4
31027529014,729,23,706,-1.1661651368462438,0.07891821938788901,-0.9994124063658032,0.3169616102907682,,,,,,,16.817616228356652,-0.11930776059781066,18.618655692729767,0.04865556978233035,0.07330073452918803,True,True,False,True,3
3102748530,728,23,705,-0.7150793827592741,0.0,-0.02502167002604962,0.7656488974363338,,,,,,,10.468160356483516,0.05291108051979979,26.71153846153846,0.0678617157490397,0.6287483850423936,True,True,True,True,4
31027531059,726,23,703,-4.524979233906485,0.0,-0.49937218627680124,0.3924559580736591,,,,,,,2.3142608458016527,-0.1445414566581373,42.672176308539946,0.03969270166453265,0.10829459048954357,True,True,True,True,4
2540472,725,23,702,-0.7853247062294642,0.04836042964719889,-3.3489281284821186,1.0154099783221682e-12,,,,,,,2.7834867070744824,-0.2182166702134125,117.35862068965517,0.06914212548015365,0.09626773621005394,True,True,True,True,4
31027534323,725,23,702,-1.6444395781693577,0.03388809278264082,-2.7173744534747826,0.007335782061888008,,,,,,,6.189448160518622,-0.1435972045567769,72.10206896551725,0.07170294494238157,0.07086057010757207,True,True,True,True,4
31027530932,725,23,702,-3.3689904897643377,1.8496315590255108e-13,-0.6705255869221026,0.26953752733869085,,,,,,,2.7686506875544827,-0.11866024360230497,19.026206896551724,0.015364916773367477,0.09883642443561717,True,True,True,True,4
2032066,724,23,701,-2.5731100720494995,7.016422998162852e-10,-0.578809525139554,0.25767435101088987,,,,,,,2.8170198928093924,-0.1978354379403952,154.1049723756906,0.06530089628681178,0.12581982513046705,True,True,True,True,4
31027516393,723,23,700,-3.3809161639858525,3.269284449403109e-05,-0.03938673421930206,0.970332798185108,,,,,,,2.904818429196404,-0.15535988120196725,71.57261410788382,0.06914212548015365,0.10680983617342338,True,True,True,True,4
2032053,721,23,698,-2.315142007996264,1.7763568394002505e-15,1.068697860842789,7.703609594678085e-08,,,,,,,2.806844591916782,-0.18532048778957755,681.3495145631068,0.07682458386683738,0.12962808916527002,True,True,True,True,4
2419778,721,23,698,-2.236113910388459,3.0217855659930848e-06,-2.926090341998967,1.5653505602841733e-08,,,,,,,2.465931997658807,-0.1698790448243777,79.2260748959778,0.06402048655569782,0.08877989120012167,True,True,True,True,4
1542577,719,23,696,-1.82961571206976,0.0002672550422129216,-0.26872464262376855,0.6536078267373444,,,,,,,2.7180845724214184,-0.21621371752755172,1029.9568845618915,0.0793854033290653,0.10940425748444998,True,True,True,True,4
2639583,719,23,696,-2.8423647371587104,2.1004469274998883e-09,2.8730936747619484,6.201501300862056e-05,,,,,,,4.878401847955494,-0.15692006114409612,340.6356050069541,0.0793854033290653,0.09354709517055003,True,True,True,True,4
31027530950,718,23,695,-3.1478165855877993,2.004482041240152e-06,-1.2023958529179843,0.15841307586698372,,,,,,,2.769823800945683,-0.11788932351052518,12.508356545961004,0.002560819462227913,0.09552158681107509,True,True,True,True,4
2419784,716,23,693,-2.8542129529398466,6.489371209283945e-07,-0.4622926484909903,0.39074741845485494,,,,,,,2.4474695607067036,-0.1812834386721639,116.1536312849162,0.08066581306017925,0.07445633982806074,True,True,True,True,4
2340369,715,23,692,-1.3011336838004237,0.031291934428963275,-2.4206379483408536,0.0034792303784108025,,,,,,,3.3853300517734266,-0.17332611677888612,64.41818181818182,0.08194622279129321,0.11286082423022534,True,True,True,True,4
31027531044,715,23,692,-5.128086907208561,0.0,0.25556878529044347,0.7136391526230335,,,,,,,2.3584266891776227,-0.12764046484339384,32.702097902097904,0.026888604353393086,0.10527460290393184,True,True,True,True,4
31027535392,712,23,689,-2.7545075258678295,8.809377671781249e-10,0.04781351760987941,0.9295368201274834,,,,,,,2.93977694283146,-0.2004819241171091,112.41573033707866,0.05672823218997362,0.0950098830976872,True,True,True,True,4
2692056,711,23,688,-1.877133277696155,0.09597697595034438,1.5326643071129298,0.27937205723300496,,,,,,,22.018338247376935,-0.12378337704603114,7.244725738396625,0.014084507042253521,0.11086114719132341,True,True,False,True,3
31027531047,708,23,685,-4.279827404007861,0.0,0.053437052678666545,0.9384397952646908,,,,,,,2.375199502618644,-0.12066464615390964,25.651129943502823,0.040973111395646605,0.10171213624474078,True,True,True,True,4
3110411-1,706,23,683,-2.417679937850092,3.97042985156304e-07,-1.7334342864848453,0.0014315033817684508,,,,,,,2.879198018813031,-0.19087713742369655,62.226628895184135,0.08066581306017925,0.10697646124876119,True,True,True,True,4
2419839,704,23,681,-3.4646142671765863,2.7394648771661423e-08,-2.4297219280712956,0.0001969028522181837,,,,,,,2.4607247166789774,-0.17474988079245926,76.80255681818181,0.08962868117797695,0.08240365128370035,True,True,True,True,4
31027531053,703,23,680,-1.2196118406145438,4.859025136827455e-05,-4.856824657460044,0.0,,,,,,,2.3528023327140826,-0.12998874473827435,40.359886201991465,0.040973111395646605,0.13327553975461454,True,True,True,True,4
31027531056,700,23,677,-4.400397364636399,0.0,-0.36587460862211857,0.5913204362903564,,,,,,,2.366837296917143,-0.12502800751742119,29.541428571428572,0.03969270166453265,0.10351532182111063,True,True,True,True,4
31027535398,698,23,675,-1.9135168830043743,3.155061992399233e-05,-1.3082504028820328,0.021348529175612363,,,,,,,2.956301329342407,-0.19742491115976502,136.7106017191977,0.07783641160949868,0.09263684296774286,True,True,True,True,4
31027531029,697,23,674,-4.786555166572441,0.0,-0.5005646881999507,0.39883029580285956,,,,,,,2.3240872901305596,-0.12700772825381548,41.02582496413199,0.008962868117797696,0.08993892696880527,True,True,True,True,4
31027535395,695,23,672,-2.3631811799279046,1.913354141791501e-09,-0.8632564536308797,0.056217479910047885,,,,,,,2.943438794159712,-0.20131602934069961,158.9841726618705,0.08179419525065963,0.08753355364533863,True,True,True,True,4
2639584,693,23,670,-2.6809200250135663,4.016321971178627e-05,-0.19892463724692616,0.8231473094947188,,,,,,,4.156412094655122,-0.14330861676591897,30.83982683982684,0.06658130601792574,0.1290563661028088,True,True,True,True,4
31027530941,690,23,667,-4.620813413518537,7.238654120556021e-14,-0.007124918859077575,0.9927207318161497,,,,,,,2.773212662624638,-0.1176629046483611,13.021739130434783,0.008962868117797696,0.09387086796043195,True,True,True,True,4
2419834,686,23,663,-3.4774144142834014,2.081027947742342e-07,-0.6427008313792849,0.3560799547918483,,,,,,,2.4450037988994167,-0.1845847225334169,98.53061224489795,0.11267605633802817,0.07731057684194496,True,True,True,True,4
2419782,684,23,661,-2.1517411596422793,1.4041030203415517e-05,-0.9549026080726054,0.054758426432831575,,,,,,,2.4249477203040937,-0.1906612488524521,186.60380116959064,0.12163892445582586,0.07457246075449657,True,True,True,True,4
31027532941,681,23,658,0.8301392179074865,0.0848860585539335,-3.6032568886146628,5.6928241232157006e-08,6.919214959094047,4.757955825329674e-06,2.9481375525895004,0.00021542680607233855,3.0138335152705884,0.019063828943265193,10.517475952585903,-0.16467976297618475,136.26725403817915,0.09234828496042216,0.1807237509921489,True,True,False,True,3
2419788,681,23,658,-5.337260331407916,0.0,-1.3423498659575237,0.003267078057528794,,,,,,,2.4749871454331864,-0.14060181575077674,40.650513950073424,0.052496798975672214,0.09906148169052575,True,True,True,True,4
1603297,677,23,654,-2.3091906245990006,1.3333556481143205e-11,-1.4047505153880127,4.789782459635461e-05,,,,,,,2.8497824222850814,-0.15603360623130863,27.92466765140325,0.026888604353393086,0.11660633380504766,True,True,True,True,4
31027527888,676,23,653,-7.9328357985982025,0.08843615314649966,8.344669024896044,0.13190498714654653,,,,,,,13.105815925355031,-0.12025780195942942,31.68491124260355,0.12291933418693982,0.06767710243406304,True,True,False,True,3
1743116,676,23,653,-4.119514912566273,1.506271657381042e-05,1.6235991786202324,0.20031154957458774,,,,,,,2.344622816653846,-0.14848074039315992,101.61390532544378,0.13316261203585147,0.0880916589767291,True,True,True,True,4
2466160,674,23,651,-2.3376266274154758,1.1886340864686318e-05,2.2686176414278743,0.0017507704179933192,,,,,,,5.269382540850149,-0.16914651655181798,163.51038575667656,0.12804097311139565,0.10119081616823751,True,True,True,True,4
1743121,674,23,651,-4.157345334461507,4.758284877226515e-10,-1.3188061883259121,0.11729876200578926,,,,,,,2.334449766477745,-0.15281470547380913,60.952522255192875,0.12291933418693982,0.11595969186474367,True,True,True,True,4
31027535383,674,23,651,0.5345571233055446,0.0885470862180211,-4.396004697119328,4.707345624410664e-14,,,,,,,2.9489276321765576,-0.19435707135000072,50.36350148367953,0.08443271767810026,0.2052369235972681,True,True,False,True,3
2419861,672,23,649,-2.2740815679281496,0.010298110393057502,0.619409517197657,0.568195602544713,,,,,,,7.270765692474702,-0.11879921326642842,8.229166666666666,0.04865556978233035,0.08732606617292417,True,True,True,True,4
31027530920,672,23,649,-3.4901712629078463,2.582263524786299e-06,0.6981793476915528,0.47210052383041323,,,,,,,2.781582820657738,-0.11396424820985677,16.529761904761905,0.02176696542893726,0.0922227506978947,True,True,True,True,4
31027516395,672,23,649,-2.370697958649931,0.00030299501069963597,-1.932147410502316,0.022310038145917366,,,,,,,2.939150064904762,-0.14024777450338421,46.30357142857143,0.11907810499359796,0.10022733334300253,True,True,True,True,4
31027529011,668,23,645,-3.141867312442262,9.301809154038665e-07,2.706552201811519,0.004617706103829722,,,,,,,16.824880134101797,-0.12317826789978345,19.733532934131738,0.1267605633802817,0.08269056086849466,True,True,True,True,4
31027532405,668,23,645,-0.7564430537269375,2.614597871541946e-09,-1.167423826704967,6.548964539998536e-06,,,,,,,2.342171848276946,-0.25107639500647244,175.45958083832335,0.14084507042253522,0.3428143395731733,True,True,True,True,4
3105784-3,667,23,644,2.466576257925375,0.0028402932356386135,-1.0000092715100402,0.29978803351364824,,,,,,,9.934454160536731,-0.10153846870052527,9.046476761619191,0.06145966709346991,0.06663134602674627,True,True,True,False,3
2419786,666,23,643,-3.340705977687787,5.773159728050814e-15,-1.776647389726656,3.0343075241967554e-05,,,,,,,2.4407722542672676,-0.16781926097711666,57.82132132132132,0.13060179257362356,0.0991691487253617,True,True,True,True,4
2032057,662,23,639,-1.8615554268690426,5.0998827621384635e-05,0.5649365414862911,0.09551452194979437,,,,,,,2.805112746226586,-0.18516288690557894,488.1827794561934,0.1523687580025608,0.09969854275136598,True,True,True,True,4
31027531035,660,23,637,-3.161126180191244,3.6995431385022925e-08,-0.06664599393929685,0.92620713678299,,,,,,,2.374499640221212,-0.11495217852899982,19.086363636363636,0.002560819462227913,0.09396029587190899,True,True,True,True,4
2676119,656,23,633,-3.177571515673332,5.80873312681085e-05,-1.0413341985273337,0.29304197846430213,,,,,,,4.231631477541159,-0.1286943338633336,16.746951219512194,0.09218950064020487,0.08085420228155697,True,True,True,True,4
31027529818,648,23,625,6.660887934147957,0.0031046997155466105,-10.411485045153627,0.00022551934550141262,8.590372572900517,0.11403124134323939,3.3811572815561592,0.5803780687128273,4.798566849060971,0.6509455736358198,22.86038467809722,-0.10296130094745089,11.503086419753087,0.08322663252240717,0.06852625495156055,True,True,True,False,3
2751188,647,23,624,-3.4440882660327294,1.6209256159527285e-14,-0.3889638520842815,0.4968874538829302,,,,,,,3.5538368542256564,-0.14446320457272896,14.615146831530138,0.03841229193341869,0.12221300268010356,True,True,True,True,4
31027535106,646,23,623,0.4193004873294217,0.09572405216778757,-1.0473267482527504,0.09967441677406241,,,,,,,7.8617718843312705,-0.13652905126270354,11.103715170278639,0.12269129287598944,0.24539677255733044,True,True,False,True,3
31027530923,644,23,621,-2.3415817048012597,0.00014010000830433356,-0.8318434063730814,0.30936539462712975,,,,,,,2.7909589314177015,-0.11608364378579879,11.51552795031056,0.012804097311139564,0.10370977141918518,True,True,True,True,4
31027524433,641,23,618,-3.8717227380402273,0.0011008927907609767,-0.1981785432913517,0.8991560673494252,,,,,,,2.3621941918720752,-0.13535497153499837,69.43837753510141,0.1587708066581306,0.09116434988170864,True,True,True,True,4
2692059,640,23,617,1.3692607338959868,0.05592877796643436,-2.1571432943142956,0.038230758951576904,,,,,,,30.847978010760936,-0.13324797860180046,5.4875,0.07554417413572344,0.12249785817931819,True,True,False,True,3
2466179,633,23,610,-2.3787908764021313,0.00011122676016461774,0.051697483076225244,0.9530533736285633,,,,,,,5.3123913443665085,-0.1637516947769622,107.72669826224329,0.17797695262483995,0.10118823958386305,True,True,True,True,4
2676114,624,23,601,-3.5608935242490563,1.3043366386966682e-10,1.1353444204938876,0.11790391101191888,,,,,,,4.19193948819391,-0.13108462213007238,10.362179487179487,0.06274007682458387,0.10873172163779976,True,True,True,True,4
2676154,622,23,599,-3.4905412598059824,1.091476425907345e-06,-0.22026338388624195,0.804281766137716,,,,,,,4.2393123968295825,-0.12631037983152602,14.781350482315112,0.1523687580025608,0.08509482227009238,True,True,True,True,4
2466153,617,23,594,-3.4348778590242235,6.0519190829833036e-05,0.7096521568998132,0.5152780505957106,,,,,,,5.475284431340357,-0.1387961198353563,50.59967585089141,0.20614596670934698,0.07744401231589837,True,True,True,True,4
31027535099,615,23,592,3.5178847195807377,0.005508063079766146,-5.669873200638197,0.0019115719640661055,,,,,,,13.359732396663416,-0.12448267732833085,10.533333333333333,0.1437994722955145,0.08250889122541409,True,True,True,False,3
1604311,610,23,587,-3.1305752057643423,7.58317455540336e-06,-1.887632710198236,0.03820264013696684,,,,,,,3.0526787350147546,-0.23887809812235336,218.15081967213115,0.2087067861715749,0.09480800564494685,True,True,True,True,4
2464425,610,23,587,4.219006831572626,0.0027837869696822892,-6.580541275393808,0.00014757828733591438,,,,,,,10.09640926612295,-0.11266025071892802,27.685245901639345,0.2112676056338028,0.03932587242126481,True,True,True,False,3
31027524436,608,23,585,-3.2220989264709687,8.252287742038789e-12,-1.2462309701579166,0.026239007901257105,,,,,,,2.364581674745066,-0.13034610507059294,34.2516447368421,0.1357234314980794,0.10240115896633023,True,True,True,True,4
31027517941,604,23,581,13.652485639078959,0.04546737327978745,-16.315717546142306,0.03820677847185694,-12.845568049413833,0.5789816118832904,-22.839413088013423,0.3880672453402414,-20.683576388113735,0.584552116923692,14.057105072688742,-0.11590534134099986,6.995033112582782,0.11139564660691421,0.05587712605684853,True,True,True,False,3
31027530926,603,23,580,-5.408987209049104,0.0,1.8337284829874638,0.0040967886757603544,,,,,,,2.773218693406302,-0.10834736236398501,11.898839137645108,0.015364916773367477,0.09414286400826216,True,True,True,True,4
2639585,602,23,579,-2.8215119978787144,8.121650929560076e-08,-0.7693065430208892,0.26659942971045303,,,,,,,4.173712643971761,-0.13406197050726318,18.76578073089701,0.056338028169014086,0.11824841435762014,True,True,True,True,4
31027517939,596,23,573,53.22513546427799,3.839083338386118e-05,-62.44033048474855,1.9770191606038878e-05,44.544454903580494,0.19416321640166312,39.627205713433135,0.30211872225357483,198.42145608142775,0.3863166007516705,14.123613916325501,-0.11172239519906131,24.263422818791945,0.22919334186939821,0.043056669540076004,True,True,True,False,3
1542574,595,23,572,-1.8962644430757987,0.022159623391390992,-2.4091122710164368,0.018225104260657154,,,,,,,2.775865697272269,-0.199534978508514,171.02857142857144,0.23431498079385404,0.12092282136301688,True,True,True,True,4
31027518017,590,23,567,-7.186140539529125,0.004841083426784243,6.219237211056715,0.04872962861954533,,,,,,,17.688201381779656,-0.13275022995704056,19.077966101694916,0.21638924455825864,0.06310816244450715,True,True,True,True,4
2032061,589,23,566,-2.8725962324102974,5.836360061906021e-09,-1.6342716233693448,0.0064140414024043135,,,,,,,2.880036732694397,-0.17704403698257215,140.72495755517826,0.23687580025608196,0.11806142272654574,True,True,True,True,4
31027517937,589,23,566,1.6725984720168205,0.0017688324493891905,-2.9344642854345775,0.005652107130603268,,,,,,,25.628708753314093,-0.11217449928570142,7.185059422750425,0.11011523687580026,0.1194513325755277,True,True,True,True,4
31027528701,583,23,560,-2.2644832685617393,2.4430744741232857e-05,-0.47224821073489853,0.46546777877174494,,,,,,,3.6874998231029164,-0.1422716113791228,23.873070325900514,0.21254801536491677,0.11128042866050618,True,True,True,True,4
2466173,582,23,559,-4.511549961169884,1.5801104991108872e-06,3.6690190939389073,0.0033935553682420405,,,,,,,5.241704529046392,-0.1742582124275544,81.79896907216495,0.2407170294494238,0.14094451536734207,True,True,True,True,4
31027518025,578,23,555,11.320490883807429,0.00018724241401124608,-14.339039984891059,0.00011482060327283605,21.46590979037783,0.0926479244639089,24.144817429392667,0.1010352921314781,26.90868277201618,0.20530443023161404,12.129816178237025,-0.12799721098622163,4.344290657439446,0.1523687580025608,0.06936767296601287,True,True,True,False,3
31027530935,575,23,552,-2.0761043814148916,7.224259553795243e-05,1.077516219686011,0.1754049823400805,,,,,,,2.758167391989565,-0.11600578830562308,9.572173913043478,0.006402048655569782,0.11912742343686064,True,True,True,True,4
31027531038,570,23,547,-4.181616021822425,2.2448709557920665e-13,0.5883631590791267,0.42674463382331784,,,,,,,2.3595816834385963,-0.11243519333367115,16.843859649122805,0.02176696542893726,0.09227627999238153,True,True,True,True,4
31027530258,566,23,543,-2.6141320438104247,8.123481887167827e-10,2.526410802897605,1.2497437705594194e-05,,,,,,,9.724701827151943,-0.22820216730294554,160.37279151943463,0.26248399487836105,0.19826448744554245,True,True,True,True,4
3105788-3,561,23,538,-5.5725086476771075,0.0008407906400547116,5.589325746459609,0.004218329530642162,-4.866849135372889,0.01529559147968862,-8.717845035942707,0.00011262119609822818,-17.8671303144203,0.011025629547184002,10.048846736771836,-0.1109577625090444,4.74331550802139,0.09859154929577464,0.058659000300446414,True,True,True,True,4
2060933,544,23,521,1.2978402771800939,0.017647654075499286,-5.585281972940308,1.9380053117856733e-12,,,,,,,2.996029514851103,-0.1863100104889846,294.3033088235294,0.2727272727272727,0.106682349574807,True,True,True,True,4
3108221,543,23,520,1.6358882405410442,0.0032238222652987147,-2.718167807591897,0.00010072769482927235,,,,,,,42.42488408776427,-0.10398883072824337,2.2523020257826887,0.04353393085787452,0.0973602950839089,True,True,True,True,4
1254462,540,23,517,2.205956437348588,9.356927030501616e-05,-5.353770125728697,1.545350647447208e-08,,,,,,,7.973131768448146,-0.18593536323605384,18.075925925925926,0.29577464788732394,0.21717660182353535,True,True,True,False,3
31027517933,534,23,511,7.456879821816422,0.007526325129393996,-9.481507313242375,0.006100113467691237,,,,,,,24.95927438895693,-0.11450933253599982,9.621722846441948,0.2496798975672215,0.054527062567502345,True,True,True,False,3
31027535090,533,23,510,-0.26025163995977835,0.046916039069146764,-1.0390620865895803,0.021094081154362065,,,,,,,12.510755391604128,-0.17844801879336628,7.2926829268292686,0.09630606860158311,0.6752858411856685,True,True,True,True,4
31027530929,533,23,510,-3.4171694377349193,4.822399368720198e-08,1.2856419292122465,0.11450302274503898,,,,,,,2.7687515765497186,-0.10861068957654073,8.590994371482177,0.011523687580025609,0.09416532602385812,True,True,True,True,4
31027518011,529,23,506,-15.086336688708927,7.054636860903685e-06,13.925000447563063,0.0006820172803652103,,,,,,,17.724972507657846,-0.1296536193050314,21.502835538752365,0.30985915492957744,0.0605592119735189,True,True,True,False,3
31027540644,527,23,504,-1.4650551968573309,0.009938115232043687,-2.4091817393591817,0.0006330420217899313,,,,,,,15.858047577041745,-0.1640158864461144,35.20303605313093,0.2955145118733509,0.10506391722918279,True,True,True,True,4
31027524430,519,23,496,-4.799478462413787,0.0,1.2001001946051653,0.023059481142745586,,,,,,,2.372905761263969,-0.1194127262314982,21.134874759152215,0.03841229193341869,0.12345574771346933,True,True,True,True,4
31027531032,517,23,494,-5.142836765887694,0.0,0.5289476537083116,0.4420672371764236,,,,,,,2.3661953245841394,-0.11333827439918591,21.69439071566731,0.12163892445582586,0.09664064445724262,True,True,True,True,4
31027528707,514,23,491,-0.9013983717374494,0.0003244147364591665,-0.3921971025755754,0.31191098663466144,,,,,,,3.4332917598482493,-0.15829519839856587,16.40272373540856,0.21895006402048656,0.1855742404073185,True,True,True,True,4
2414389,503,23,480,-0.49806669967448636,2.581391721667714e-05,0.2863400341063697,0.43078186094088644,,,,,,,14.416980364602384,-0.15692066701437643,18.47117296222664,0.002560819462227913,0.6548995583265842,True,True,True,True,4
2751187,501,23,478,-4.5850692564481275,0.00017300233951500488,0.3834490736831057,0.7964280713178742,,,,,,,3.5251416934970057,-0.14755616996033244,16.84431137724551,0.3085787451984635,0.10885143542895333,True,True,True,True,4
3110252-1,499,23,476,-3.601330155764399,2.670784537972537e-07,2.5895154525266024,0.002536602421104872,,,,,,,3.249545546390782,-0.09928387970351688,16.09819639278557,0.14212548015364918,0.08122809127784505,True,True,True,True,4
2464427,482,23,459,3.853975148358068,0.034322963192363165,-6.110124905136596,0.005581249089018803,,,,,,,10.024495113759336,-0.11893991495354034,20.551867219917014,0.3585147247119078,0.04703071268306115,True,True,True,False,3
1254438,479,23,456,1.2562697099707227,0.00020856596083196344,-4.7798242947992655,1.4262591108149536e-11,7.404661104400744,0.005158040296313393,4.052961230518782,1.770451780735982e-07,6.5249771733310755,6.946815135755458e-05,7.987368147807932,-0.18344000760288245,20.866388308977037,0.36619718309859156,0.22616247712550824,True,True,True,True,4
3102751373,475,23,452,2.00677987417446,8.286732189333179e-08,-7.357474011004747,0.0,,,,,,,4.151760844469474,-0.20075544175061796,23.945263157894736,0.35979513444302175,0.20512036939988382,True,True,True,False,3
31027522606,462,23,439,0.7575193506809866,0.019138243771347874,-3.34133888723123,3.858117854971255e-06,1.6807686929454462,0.2898916092731676,3.7068622490046805,1.793593039756125e-05,2.9414227739649212,0.04259608032745743,5.0737414406515144,-0.1529647010651973,15.480519480519481,0.3687580025608195,0.3452911508194544,True,True,True,True,4
31027541192,458,23,435,3.3715348037133084,0.045480350161214655,-5.475202078785374,0.01941883349526452,12.56952431847016,0.08918306420898503,10.439214121538411,0.21484486969945515,17.20222130254706,0.22393959304885835,9.92561937183406,-0.13615149070245514,4.379912663755459,0.3258575197889182,0.0925335668261624,True,True,True,False,3
1767935,458,23,435,-0.4109240142640914,0.03675494397064427,-1.402108213054179,3.801182430485106e-05,,,,,,,5.35655552631441,-0.19542891369559684,17.323144104803493,0.30985915492957744,0.2632684221194098,True,True,True,True,4
2692053,455,23,432,6.296355274422565,0.023820050839556295,-8.351009684821038,0.013248778188417187,,,,,,,16.88522407198901,-0.11712445400720088,4.610989010989011,0.026888604353393086,0.09970244082361941,True,True,True,False,3
3110253-1,436,23,413,-3.56974359242628,5.511349729925286e-07,2.231510456452428,0.014107678084380515,,,,,,,3.2813682036949543,-0.0969103488723897,14.759174311926605,0.2676056338028169,0.08243380948661971,True,True,True,True,4
31027529041,435,23,412,-3.17994179428472,0.0667275418508706,4.591044250076053,0.030850240017230357,,,,,,,16.71919117385747,-0.1104898272924744,5.505747126436781,0.11523687580025609,0.08167069774851968,True,True,False,True,3
3110254-1,434,23,411,-2.2062016650777334,0.00015895706025115253,1.5244903606491138,0.05966614856746233,,,,,,,3.2502608232672814,-0.10276537151894817,12.746543778801843,0.26248399487836105,0.09647247754085084,True,True,True,True,4
31027531041,434,23,411,-5.46871444718714,0.0,2.059773895810215,0.006537052416946132,,,,,,,2.3541296815552997,-0.11225039702001709,12.76036866359447,0.046094750320102434,0.0956913880086482,True,True,True,True,4
2037376,429,23,406,-2.6743593903471394,0.0029291844908378994,4.978905044150184,2.8465662316623508e-05,,,,,,,3.2413031880069934,-0.10438128161232411,10.086247086247086,0.06658130601792574,0.08462590342677695,True,True,True,True,4
31027523987,428,23,405,-3.671688778849157,3.720350694180752e-10,-0.44795300819574035,0.5075591525604788,,,,,,,10.451009946859813,-0.15599947739688336,30.432242990654206,0.43149807938540335,0.13407162893948982,True,True,True,True,4
31027522600,428,23,405,1.6336175563287088,1.5250635468033735e-05,-5.705655301194763,9.500178421717465e-12,,,,,,,6.141240467705608,-0.12142482579526587,14.049065420560748,0.42509603072983354,0.20558899936197292,True,True,True,True,4
31027530261,424,23,401,3.0848654778923006,3.910793057726458e-05,-6.623105837722661,3.4446655972075746e-08,,,,,,,11.203976895205187,-0.18592798586316045,27.61320754716981,0.4327784891165173,0.23332077323430286,True,True,True,False,3
31027525572,422,23,399,0.24576847927097803,0.05176393892238229,-0.7772710680608144,0.07889497100240073,,,,,,,10.497874910701423,-0.1841623895543492,3.2156398104265405,0.08194622279129321,0.4763774353506906,True,True,False,True,3
31027541111,422,23,399,-1.6197298639247213,0.04602233729458183,-2.049228508787845,0.04862758015876234,,,,,,,2.67470060792417,-0.22846870118757953,187.51184834123222,0.4313984168865435,0.14436153438426538,True,True,True,True,4
31027540647,421,23,398,-4.4742537722177005,3.3775204855146512e-12,-1.8418995071750535,0.01543059647566758,,,,,,,2.3415044058361043,-0.14934188299515042,36.857482185273156,0.40633245382585753,0.11345467283023637,True,True,True,True,4
31027541105,419,23,396,-3.310934726260237,6.714368461224751e-08,-1.368481025684521,0.06923141669351551,,,,,,,2.8588159429856805,-0.163510587231308,40.73508353221957,0.3865435356200528,0.12149517072243374,True,True,True,True,4
31027530264,412,23,389,1.2255357412974222,0.003755650431110924,-4.257183606827269,1.793876547306894e-07,,,,,,,11.064565680150483,-0.19064236162635556,22.00485436893204,0.4212548015364917,0.346424033280865,True,True,True,True,4
31027522603,412,23,389,6.450881075230911,0.00011176390817646542,-10.336860290146463,1.2985667900311526e-05,-0.09742781894436671,0.9842886960895347,1.8561759465361245,0.7169979370623847,-6.454358724470893,0.4447078017518302,5.215635102851942,-0.12927627665327523,18.186893203883496,0.45838668373879643,0.13138002742138813,True,True,True,False,3
1254458,410,23,387,-3.5279428597573,0.05316177195656424,1.7972366758110558,0.46727546881812354,-2.4292838174363656,0.4176855959527337,-0.6102870255311171,0.8363252466865416,-0.7464211965849291,0.8574262920902802,8.019811877641464,-0.17876668005829496,13.673170731707318,0.44174135723431496,0.16982028866906743,True,True,False,True,3
311200-1,395,23,372,-2.5129456901514757,0.018853256995842393,-0.020178949529909496,0.9874467756803411,,,,,,,5.506037347288609,-0.14532609319230652,9.881012658227847,0.353393085787452,0.0947839711857151,True,True,True,True,4
31027522597,390,23,367,1.3786709624846052,3.8316497752433065e-08,-4.413234329087367,1.3081535854553294e-11,,,,,,,5.983458644702564,-0.14328528574016108,17.123076923076923,0.4225352112676056,0.37146789682505543,True,True,True,True,4
31027541114,389,23,366,-3.3729934700950834,0.0007408876370798012,0.4580082350655997,0.7313368718602906,,,,,,,2.679441418290489,-0.23036055442120534,201.07197943444731,0.4841688654353562,0.14435675341586574,True,True,True,True,4
2490069,386,23,363,14.510372004981184,0.029430820318260498,-15.829035318985431,0.03001082606994676,,,,,,,11.75138771057772,-0.08877863672753938,17.173575129533678,0.48655569782330343,0.04751501411065967,True,True,True,False,3
2676110,374,23,351,-5.589499791326261,0.0,2.8021890899005,0.0001713828245890614,,,,,,,4.1995891381096255,-0.12108159371686777,9.470588235294118,0.058898847631242,0.10299426685660502,True,True,True,True,4
2418815,363,23,340,3.2778290328890325,0.035229963263464725,-4.627908181213026,0.012548640362449737,,,,,,,28.723568891856747,-0.11406275484277753,3.4049586776859506,0.30985915492957744,0.07262555289397843,True,True,True,False,3
2490068,359,23,336,14.996846121513821,0.0016968841609701357,-17.306050954756888,0.001696690779449117,,,,,,,9.402344544155989,-0.09564717930463988,8.821727019498606,0.4814340588988476,0.059622325147489386,True,True,True,False,3
2494075,354,23,331,-0.5676330112342576,6.9246110493415e-05,2.2337852536209133,8.004582132681293e-07,,,,,,,11.268516895717514,-0.1427228235701249,8.677966101694915,0.02560819462227913,0.5782237138241861,True,True,True,True,4
31027535075,353,23,330,-3.400892347481201,0.003489140568064597,7.424935076085401,3.0818268896393164e-05,-5.05160686692949,0.1449760750157454,-8.492379007429985,1.5410445633579073e-05,19.58022875873702,0.23472461582680593,2.849956006946176,-0.12917018579216702,33.447592067988666,0.017150395778364115,0.08652425404879298,True,True,True,True,4
31027538591,352,23,329,-0.6477309882883696,0.005149137025404649,-0.5830220014699885,0.4357423938373737,,,,,,,8.481300174980113,-0.14273196120441894,6.298295454545454,0.45646437994722955,0.47958177046631306,True,True,True,True,4
31027541761,349,23,326,5.845740019086088,0.0018682726547454287,-10.67358039673108,8.517500297622327e-05,,,,,,,12.975465940564469,-0.18823859947332694,9.366762177650429,0.4630606860158311,0.19601274124166956,True,True,True,False,3
31027523978,346,23,323,-2.1573339035852572,6.904050003364581e-05,0.38741282295008744,0.5651506818296816,,,,,,,10.11343217947688,-0.14616613912615894,18.664739884393065,0.4186939820742638,0.19022736033861698,True,True,True,True,4
31027523981,346,23,323,0.9020996783185217,3.5842418097731255e-05,-3.2216154320032464,4.6405602893706543e-07,,,,,,,10.40636995117341,-0.16356895527272816,31.052023121387283,0.5006402048655569,0.37999236493569605,True,True,True,True,4
31027541117,333,23,310,-3.5853462377226553,2.5291782601577495e-07,-1.6327793908753925,0.06807808204630295,,,,,,,2.7990901338588587,-0.18946719184860666,60.174174174174176,0.5356200527704486,0.15592437229549044,True,True,True,True,4
1254447,332,23,309,-2.178628029451319,0.09860554483145889,-0.4991541058933342,0.7822818989899032,,,,,,,8.056424440674698,-0.1770334736085872,7.783132530120482,0.39820742637644047,0.178784843688219,True,True,False,True,3
2414387,328,23,305,-0.30008601345039926,0.00800608186437568,0.6159277874400514,0.15858766987186068,,,,,,,13.797559539341464,-0.19035646447095894,10.536585365853659,0.0,0.9454577832168874,True,True,True,True,4
31027532926,326,23,303,-1.9207201388697703,0.06713306208970549,1.3490803356384415,0.262550841735556,-3.5150159777318315,0.02366410694271104,-1.2282911160307322,0.3294964635595292,-8.205661593348141,0.0046141458647559475,17.583775312794476,-0.14295198811966836,2.48159509202454,0.22407170294494239,0.11496429785623971,True,True,False,True,3
31027535057,323,23,300,-3.2741229290743346,0.025423502048660618,3.265698617110643,0.11915735948181672,0.4880788184965437,0.8712640543256827,-5.542454175583842,0.039171571945624484,-5.41192435793818,0.38965337176167814,2.7794494657027866,-0.12403541732632284,29.625386996904023,0.047493403693931395,0.10488430494907681,True,True,True,True,4
2545252,314,23,291,-1.075430237877211,0.0722810255485673,0.237912714637837,0.754426070457523,,,,,,,74.49573614935669,-0.11859707920433887,3.7261146496815285,0.052496798975672214,0.13891778425067308,True,True,False,True,3
31027535072,308,23,285,-6.631647802317408,5.75844114738544e-05,6.721792343564433,0.0032047859136099532,-2.631887105090957,0.4689731132417094,-8.780896362119485,0.0015499841439194917,-8.22300537810911,0.1331904861997093,2.762373467412338,-0.12700701465991732,23.477272727272727,0.06860158311345646,0.10075309592124972,True,True,True,True,4
2775354,307,21,286,6.074035375098469,6.0346082974005455e-05,-11.176731410417743,5.2999274080534065e-08,,,,,,,16.20028971344951,-0.18526362397916876,7.605863192182411,0.528809218950064,0.16268363029402025,True,True,True,False,3
31027539348,305,23,282,1.0476905447671412,0.04755553170174376,-1.2590312670359767,0.04521520391299694,,,,,,,75.30602295082295,-0.1886185730834555,1.5377049180327869,0.2532981530343008,0.11252030683679638,True,True,True,True,4
31027523984,304,23,281,0.35346227383720963,0.03297564376018158,-0.6976544356338028,0.229508048497574,,,,,,,9.946754645335526,-0.17315276300656982,20.338815789473685,0.4673495518565941,0.6308506375943744,True,True,True,True,4
3102751371,303,23,280,2.041369434541657,1.2609202231228522e-06,-7.204546086944435,1.3322676295501878e-15,,,,,,,4.207327701052805,-0.19066787394372586,13.745874587458745,0.5556978233034571,0.25642207550786933,True,True,True,False,3
31027543550,303,23,280,5.165216174902272,0.03194766566456475,-6.225545939147017,0.027021082518015493,,,,,,,32.527373631412544,-0.11800386287822218,2.881188118811881,0.017369727047146403,0.0732771132438142,True,True,True,False,3
31027523990,302,23,279,-5.120225619055026,0.0,1.0673754368425603,0.10452453061738587,,,,,,,10.461101767609271,-0.14196062576322818,20.02317880794702,0.46350832266325226,0.1669344182784788,True,True,True,True,4
2676075,301,23,278,-4.313758364705179,1.5092371796754378e-12,3.2771882789359705,1.6259464162837745e-05,,,,,,,4.230192908272425,-0.1126177318914585,5.946843853820598,0.1357234314980794,0.09939652431517954,True,True,True,True,4
31027548000,300,22,278,4.850800046078491,0.025420759854018593,-7.336189518368115,0.004412080723137146,,,,,,,45.921696406310005,-0.23279416127428665,31.75,0.03536977491961415,0.039121085722143394,True,True,True,False,3
2414391,291,23,268,-1.8485972413482172,2.9810691847043103e-05,2.3916235733405236,0.00015899416241360598,,,,,,,15.60344099031615,-0.09100166218761556,15.494845360824742,0.0012804097311139564,0.17367881263179394,True,True,True,True,4
311813-1,290,23,267,-5.819174513626276,0.0009084513290364971,0.3323696659431496,0.8780837112870672,,,,,,,2.6265518621655173,-0.09193349713249346,30.32758620689655,0.5966709346991037,0.04465403945587637,True,True,True,True,4
31027529507,285,23,262,65.91875049233492,0.040298085835958286,-73.9160230084448,0.03595749677019433,32.566666882854854,0.24687380126308467,31.89456927532341,0.2979748920953531,1.2829737272568309e-12,0.977579841578855,2.6081231004561403,-0.09753525936117417,17.985964912280703,0.5736235595390525,0.044329070461282025,True,True,True,False,3
2639586,277,22,255,-10.953766141367499,0.002821034631581787,10.486675912139455,0.02825627530264274,,,,,,,4.301963858700361,-0.10152469505706505,18.36101083032491,0.5953905249679897,0.1194886879947142,True,True,True,False,3
2545250,275,23,252,-1.2251763554169421,0.02653630468189072,0.016684118466801824,0.9811084104063297,,,,,,,73.45866751934909,-0.11052608710939002,2.1745454545454543,0.1203585147247119,0.14240652070556906,True,True,True,True,4
31027547419,274,21,253,0.9197573380077336,0.028278535725313247,-3.7255018000686917,4.832904855645026e-06,,,,,,,2.321867333562044,-0.31431631311155145,441.3138686131387,0.028368794326241134,0.24942409025302645,True,True,True,True,4
31027540259,272,23,249,-5.157710105479349,0.00967035647103276,6.995617839531604,0.003158978884621799,,,,,,,17.542797312577203,-0.1437475627806472,2.9154411764705883,0.2678100263852243,0.10457269651703144,True,True,True,True,4
31027541108,267,23,244,-3.979501175269327,5.018385706989648e-10,0.4117101028403588,0.592969262018681,,,,,,,2.8531763088576785,-0.1509174222934471,29.647940074906366,0.5633245382585752,0.13205903597766053,True,True,True,True,4
31027541767,262,23,239,0.5258213646192725,0.007202505710937279,-1.8151526945349983,0.013707778892261269,,,,,,,12.709214980442749,-0.20288817799401834,4.912213740458015,0.42744063324538256,0.4556163090755849,True,True,True,True,4
2639581,256,21,235,-8.659583893604141,0.036459470566581054,7.885205279932623,0.18434224914084485,-47.30083220356612,0.20704950183677617,-55.54059139714639,0.1911118400217493,-74.71577723738456,0.21832105409833646,5.024638592312501,-0.11693522103933104,291.3515625,0.6274007682458387,0.1256646803581984,True,True,True,True,4
31027541737,254,23,231,0.23058372565687257,0.001898233740890154,-1.058487710898661,0.013255227431868244,,,,,,,29.112001660307087,-0.2694582679412794,3.326771653543307,0.4525065963060686,1.4327893413888306,True,True,True,True,4
1767995,245,21,224,-12.298506031063592,0.0027855653428514593,15.561229053302425,0.0068613513039208485,-49.19789681353692,0.021642767290958043,-69.13310792954957,0.005812152788895686,-87.16897445849438,0.012929892908310148,5.855284163261225,-0.16233416834217698,90.2,0.6248399487836107,0.1604729736386271,True,True,True,False,3
31027541731,237,23,214,0.2031035463061017,0.00017270497379295868,-0.8609850597165616,0.025190392141951623,,,,,,,22.76006425999156,-0.42988118025101163,3.0042194092827006,0.43007915567282323,2.161029636212266,True,True,True,True,4
2414390,225,23,202,-0.6466151124658533,1.679435025936371e-06,3.092597313370059,3.464408759867865e-10,,,,,,,13.919596552386666,-0.16034641865079433,9.737777777777778,0.0076824583866837385,0.896887374854985,True,True,True,True,4
1767991,218,21,197,-6.051754424951504,0.09560293217178817,6.071950926579058,0.22368238791293682,-27.66542579732182,0.1431691875299239,-42.09209459509409,0.05634097343458788,-53.835283552448786,0.08081939666818849,5.6898160344311925,-0.1860633592057709,70.38073394495413,0.678617157490397,0.17716997289917374,True,True,False,True,3
3110249-1,215,23,192,-3.088749430601166,0.0005288978829032231,4.456818655485921,0.00022581907206298268,,,,,,,3.3018231747767444,-0.09623243582682936,4.674418604651163,0.03201024327784891,0.11544545944453882,True,True,True,True,4
3102749983,209,23,186,-10.694864773576178,0.009758529213994338,11.995329302620164,0.012974236268236128,-4.934917088866146,0.312329312552718,1.2152024581887226,0.8296414361887976,6.4865378907078535,0.48685900277718575,16.752989564330143,-0.123682097490256,2.727272727272727,0.11523687580025609,0.09750407348297264,True,True,True,False,3
3110251-1,207,23,184,-3.334690298927728,0.0007373622646826838,6.470612259045027,4.422062364506374e-06,,,,,,,3.37125785405314,-0.07356416665542878,8.077294685990339,0.04481434058898848,0.10978870440310513,True,True,True,True,4
31027541728,200,23,177,0.30867898721280124,2.4931344219991658e-05,-1.3695543343295868,0.0007303584673035157,,,,,,,28.696636250010005,-0.2801547574393598,2.54,0.42744063324538256,1.6896228801354378,True,True,True,True,4
31027541770,193,23,170,0.36362670531047586,0.002475491627812243,-0.719751606542585,0.18107418987600155,,,,,,,12.53960841657513,-0.20990307271104347,5.212435233160622,0.46174142480211083,0.9054699446915889,True,True,True,True,4
3110250-1,188,23,165,-3.5205210732807233,0.007247496789810626,5.818365146819187,0.00016189638204844314,,,,,,,3.3497165634095745,-0.08432713408657412,4.175531914893617,0.06402048655569782,0.10519663326477426,True,True,True,True,4
31023928,179,20,159,5.850293854217429,0.022846574286502053,-10.819544372543026,0.005190862602814539,,,,,,,9.583081238418995,-0.30706530799941717,233.49720670391062,0.7592829705505761,0.19015133827591632,True,True,True,False,3
31027541734,155,23,132,0.38889242382010075,0.00031181790941525733,-1.9457675341961658,0.0014080048008542345,1.2797740705028675,0.4727913547939986,2.159586112492197,0.009656311799890682,1.2674198671144272,0.5095902164721577,28.577115821800003,-0.2853934528178895,2.432258064516129,0.45118733509234826,1.5795781488503735,True,True,True,True,4
31027540289,147,18,129,-2.9122131333238044,0.0015878339857229307,0.8387078381775909,0.4966083092353313,,,,,,,7.199634233884353,-0.16596586813748743,14.92517006802721,0.23923444976076555,0.178208265466652,True,True,True,True,4
2676077,121,23,98,0.5595015268520406,0.029867109132811542,-1.978972929789892,0.02202776009274987,1.8292095432718336,0.30216138111192925,2.726899202323006,0.11017207797391193,4.177415299577617,0.3184220693332893,10.032603305776862,-0.16325243488030655,2.3884297520661155,0.11907810499359796,0.3575439808776172,True,True,True,True,4
31027541201,76,23,53,-5.611703127574791,0.0015543042723189515,6.883224135327845,0.0008137891617190363,,,,,,,77.54367324561842,-0.13465568062627611,1.5,0.3627968337730871,0.1113556170305478,False,True,True,True,3
31027543427,69,22,47,0.39994750182159877,0.035359202367841513,-1.720687522222092,0.08844590334715252,-0.4004298108598803,0.8880151567711327,2.7700276863290507,0.17831041774151446,1.9973677869767557,0.792179252899913,37.07607971014493,-0.2109793634785076,3.1594202898550723,0.4234828496042216,1.4594274993491223,False,True,True,True,3
2032086,68,15,53,-7.7588676376444115,1.4455191054141281e-05,-2.359754250340742,0.1218092478413273,,,,,,,2.9721895040735298,-0.1365459661782376,53.38235294117647,0.9039692701664532,0.056425082512577975,False,True,True,True,3
2032079,60,15,45,-8.882839380271953,1.3235429085156625e-05,-4.330871118296142,0.019702924158125246,,,,,,,2.975514543316667,-0.1364097127752392,62.71666666666667,0.9167733674775929,0.060930847740384785,False,True,True,True,3
